dataset,model,mvp_rmse,tuned_rmse,rmse_difference,percent_change
base,RF,0.5765671490680144,0.5732297885134596,-0.0033373605545548024,-0.5788329355825149
base,XGB,0.5607703985542359,0.5579913649455303,-0.0027790336087056833,-0.4955742342802896
boundary,RF,0.5778637713777127,0.5776294741434548,-0.0002342972342579408,-0.04054540981161382
boundary,XGB,0.5624823719968283,0.5560011636615803,-0.006481208335248012,-1.1522509251693596
queen,RF,0.5842478861044818,0.5815972959776475,-0.002650590126834218,-0.45367560411852476
queen,XGB,0.5656429922680188,0.5609536145285383,-0.004689377739480527,-0.8290348865947865
