model,dataset,tuning,rmse,mae,r2
XGB,base,tuned,0.5546389460920204,0.4047181213869314,0.8391622114191364
XGB,spatial,tuned,0.5578783047694781,0.4039603566002382,0.8372779846865757
XGB,boundary,tuned,0.5593575680574194,0.40869377226647324,0.836413897191296
RF,base,tuned,0.572348954757688,0.4177772990835857,0.8287269004237727
RF,boundary,tuned,0.5774345374708921,0.4204194725110842,0.825669698244286
RF,spatial,tuned,0.5813845778772889,0.4200373478808335,0.8232764675843696
OLS,spatial,baseline,0.6777956980662238,0.513816978024895,0.7598044343729109
OLS,boundary,baseline,0.6840218844396754,0.5178703490960127,0.7553713252376894
OLS,base,baseline,0.6851780305526253,0.5159974521101778,0.7545436747864465
