dataset,OLS (mvp),RF (mvp),RF (tuned),XGB (mvp),XGB (tuned)
base,0.684213361518942,0.5765671490680144,0.5732297885134596,0.5607703985542359,0.5579913649455303
queen,0.6769225759673496,0.5842478861044818,0.5815972959776475,0.5656429922680188,0.5609536145285383
boundary,0.6829945748766075,0.5778637713777127,0.5776294741434549,0.5624823719968283,0.5560011636615803
