model,dataset,tuning,rmse,mae,r2
RF,base,tuned,0.642523424652992,0.4692499661949154,0.7841533561757363
XGB,base,tuned,0.6362448462603508,0.46730917398746386,0.7883511445680358
RF,queen,tuned,0.6045690209574202,0.43923628936758746,0.8089006771001306
XGB,queen,tuned,0.5916033033077046,0.43366972624905836,0.81700949745637
RF,boundary,tuned,0.6147949636315154,0.44945469509795855,0.8023813302651063
XGB,boundary,tuned,0.600321315849769,0.4400906772115858,0.8115765732170456
