n,RMSE,MAE,R2,mean_residual,median_abs_error,pct_underpredicted,pct_overpredicted
14019,0.5449563323729945,0.4018522526958128,0.8432775678601846,0.00025458211508057365,0.300743672579876,49.31878165347029,50.68121834652971
