n,RMSE,MAE,R2,mean_residual,median_abs_error,pct_underpredicted,pct_overpredicted
2759,0.5546389460920204,0.4047181213869314,0.8391622114191364,-0.008267530842903823,0.3004562020782582,48.13338166002175,51.86661833997825
