n,RMSE,MAE,R2,mean_residual,median_abs_error,pct_underpredicted,pct_overpredicted
14019,0.5447395067407332,0.4005241061868783,0.8434022555762525,0.0018018874133278605,0.29962452338714396,49.283115771453026,50.716884228546974
