model,dataset,tuning,rmse,mae,r2,n
XGB,boundary,tuned,0.5560011636615803,0.40497029009020036,0.8383711918999835,2759
